{"timestamps": [1520881386.758669, 1520881389.954827, 1520881390.069967, 1520881390.087993, 1520881390.107555, 1520881390.124559, 1520881390.143162, 1520881390.160744, 1520881394.721105, 1520881394.947247, 1520881395.028116, 1520881395.0648, 1520881395.156078, 1520881395.192145, 1520881395.236389, 1520881395.274014, 1520881395.318578, 1520881395.367056, 1520881395.40023, 1520881395.434782, 1520881395.467369, 1520881395.502927, 1520881395.53579, 1520881395.569827, 1520881395.63608, 1520881395.704605, 1520881395.772191, 1520881399.213634, 1520881399.339486, 1520881399.36376, 1520881399.38328, 1520881399.407709, 1520881399.441129, 1520881399.464894, 1520881399.495396, 1520881399.520271, 1520881399.540871, 1520881399.561755, 1520881399.584089, 1520881399.603921, 1520881399.624878, 1520881399.643241, 1520881399.662373, 1520881399.681781, 1520881399.699538, 1520881399.720992, 1520881399.74151, 1520881399.760222, 1520881399.780097, 1520881399.799884, 1520881399.822708, 1520881399.845316, 1520881399.863809, 1520881399.887234, 1520881399.9067, 1520881399.925893, 1520881399.944611, 1520881399.964588, 1520881399.985726, 1520881400.002943, 1520881400.030956, 1520881400.055001, 1520881400.074769, 1520881400.093632, 1520881403.003761, 1520881403.145532, 1520881403.178548, 1520881403.224112, 1520881403.254619, 1520881403.281716, 1520881403.30446, 1520881403.32697, 1520881403.347643, 1520881403.365688, 1520881403.39723, 1520881403.429782, 1520881403.464773, 1520881403.500248, 1520881403.538242, 1520881403.574806, 1520881403.657245, 1520881403.718161, 1520881403.776019, 1520881403.797733, 1520881403.820407, 1520881403.83792, 1520881403.854999, 1520881403.872767, 1520881403.896951, 1520881403.929832, 1520881403.959258, 1520881403.98353, 1520881404.005075, 1520881404.02687, 1520881404.043117, 1520881404.062817, 1520881404.081402, 1520881404.100301, 1520881404.123661, 1520881404.147816], "initial_reset_timestamp": 1520881382.762832, "episode_lengths": [200, 200, 200, 200, 200, 200, 200, 200, 200, 200, 200, 200, 200, 200, 200, 200, 200, 200, 200, 200, 200, 200, 200, 200, 200, 200, 200, 200, 200, 200, 200, 200, 200, 200, 200, 200, 200, 200, 200, 200, 200, 200, 200, 200, 200, 200, 200, 200, 200, 200, 200, 200, 200, 200, 200, 200, 200, 200, 200, 200, 200, 200, 200, 200, 200, 200, 200, 200, 200, 200, 200, 200, 200, 200, 200, 200, 200, 200, 200, 200, 200, 200, 200, 200, 200, 200, 200, 200, 200, 200, 200, 200, 200, 200, 200, 200, 200, 200, 200, 200], "episode_rewards": [200.0, 200.0, 200.0, 200.0, 200.0, 200.0, 200.0, 200.0, 200.0, 200.0, 200.0, 200.0, 200.0, 200.0, 200.0, 200.0, 200.0, 200.0, 200.0, 200.0, 200.0, 200.0, 200.0, 200.0, 200.0, 200.0, 200.0, 200.0, 200.0, 200.0, 200.0, 200.0, 200.0, 200.0, 200.0, 200.0, 200.0, 200.0, 200.0, 200.0, 200.0, 200.0, 200.0, 200.0, 200.0, 200.0, 200.0, 200.0, 200.0, 200.0, 200.0, 200.0, 200.0, 200.0, 200.0, 200.0, 200.0, 200.0, 200.0, 200.0, 200.0, 200.0, 200.0, 200.0, 200.0, 200.0, 200.0, 200.0, 200.0, 200.0, 200.0, 200.0, 200.0, 200.0, 200.0, 200.0, 200.0, 200.0, 200.0, 200.0, 200.0, 200.0, 200.0, 200.0, 200.0, 200.0, 200.0, 200.0, 200.0, 200.0, 200.0, 200.0, 200.0, 200.0, 200.0, 200.0, 200.0, 200.0, 200.0, 200.0], "episode_types": ["t", "t", "t", "t", "t", "t", "t", "t", "t", "t", "t", "t", "t", "t", "t", "t", "t", "t", "t", "t", "t", "t", "t", "t", "t", "t", "t", "t", "t", "t", "t", "t", "t", "t", "t", "t", "t", "t", "t", "t", "t", "t", "t", "t", "t", "t", "t", "t", "t", "t", "t", "t", "t", "t", "t", "t", "t", "t", "t", "t", "t", "t", "t", "t", "t", "t", "t", "t", "t", "t", "t", "t", "t", "t", "t", "t", "t", "t", "t", "t", "t", "t", "t", "t", "t", "t", "t", "t", "t", "t", "t", "t", "t", "t", "t", "t", "t", "t", "t", "t"]}