{"episode_types": ["t", "t", "t", "t", "t", "t", "t", "t", "t", "t", "t", "t", "t", "t", "t", "t", "t", "t", "t", "t", "t", "t", "t", "t", "t", "t", "t", "t", "t", "t", "t", "t", "t", "t", "t", "t", "t", "t", "t", "t", "t", "t", "t", "t", "t", "t", "t", "t", "t", "t", "t", "t", "t", "t", "t", "t", "t", "t", "t", "t", "t", "t", "t", "t", "t", "t", "t", "t", "t", "t", "t", "t", "t", "t", "t", "t", "t", "t", "t", "t", "t", "t", "t", "t", "t", "t", "t", "t", "t", "t", "t", "t", "t", "t", "t", "t", "t", "t", "t", "t"], "timestamps": [1521420377.486035, 1521420380.494636, 1521420380.635787, 1521420380.675391, 1521420380.720754, 1521420380.764046, 1521420380.805445, 1521420380.901351, 1521420384.237984, 1521420384.358188, 1521420384.397432, 1521420384.446905, 1521420384.487822, 1521420384.530234, 1521420384.565386, 1521420384.597872, 1521420384.638953, 1521420384.679267, 1521420384.718667, 1521420384.755162, 1521420384.792977, 1521420384.827392, 1521420384.86361, 1521420384.902313, 1521420384.942171, 1521420384.980151, 1521420385.009955, 1521420387.983026, 1521420388.09882, 1521420388.135558, 1521420388.175142, 1521420388.213785, 1521420388.257506, 1521420388.301402, 1521420388.337724, 1521420388.376603, 1521420388.415218, 1521420388.453675, 1521420388.490269, 1521420388.530636, 1521420388.574856, 1521420388.620168, 1521420388.654674, 1521420388.693703, 1521420388.729299, 1521420388.76515, 1521420388.803613, 1521420388.838629, 1521420388.874405, 1521420388.914298, 1521420388.954744, 1521420388.992122, 1521420389.060159, 1521420389.114016, 1521420389.162635, 1521420389.21522, 1521420389.274062, 1521420389.330093, 1521420389.380881, 1521420389.425439, 1521420389.463475, 1521420389.50124, 1521420389.545297, 1521420389.592509, 1521420392.468391, 1521420392.58058, 1521420392.597701, 1521420392.63677, 1521420392.67468, 1521420392.711244, 1521420392.760193, 1521420392.797533, 1521420392.837118, 1521420392.875226, 1521420392.911817, 1521420392.945941, 1521420392.981082, 1521420393.016617, 1521420393.053634, 1521420393.09126, 1521420393.130863, 1521420393.168507, 1521420393.204373, 1521420393.241234, 1521420393.277042, 1521420393.312701, 1521420393.346622, 1521420393.381439, 1521420393.421118, 1521420393.469084, 1521420393.492851, 1521420393.530621, 1521420393.566844, 1521420393.603004, 1521420393.640334, 1521420393.677975, 1521420393.743225, 1521420393.799669, 1521420393.842547, 1521420393.900477], "initial_reset_timestamp": 1521420374.026136, "episode_lengths": [200, 200, 200, 200, 200, 200, 200, 200, 200, 200, 200, 200, 200, 200, 200, 179, 200, 200, 200, 200, 200, 200, 200, 200, 200, 200, 135, 200, 200, 200, 200, 200, 200, 200, 200, 200, 200, 200, 200, 200, 200, 200, 200, 200, 200, 200, 200, 166, 200, 200, 200, 200, 200, 200, 200, 200, 200, 200, 200, 200, 200, 200, 200, 200, 200, 200, 88, 200, 200, 200, 200, 200, 200, 200, 200, 200, 200, 200, 200, 200, 200, 200, 200, 200, 200, 200, 200, 200, 200, 200, 122, 200, 200, 200, 200, 200, 200, 200, 200, 200], "episode_rewards": [200.0, 200.0, 200.0, 200.0, 200.0, 200.0, 200.0, 200.0, 200.0, 200.0, 200.0, 200.0, 200.0, 200.0, 200.0, 179.0, 200.0, 200.0, 200.0, 200.0, 200.0, 200.0, 200.0, 200.0, 200.0, 200.0, 135.0, 200.0, 200.0, 200.0, 200.0, 200.0, 200.0, 200.0, 200.0, 200.0, 200.0, 200.0, 200.0, 200.0, 200.0, 200.0, 200.0, 200.0, 200.0, 200.0, 200.0, 166.0, 200.0, 200.0, 200.0, 200.0, 200.0, 200.0, 200.0, 200.0, 200.0, 200.0, 200.0, 200.0, 200.0, 200.0, 200.0, 200.0, 200.0, 200.0, 88.0, 200.0, 200.0, 200.0, 200.0, 200.0, 200.0, 200.0, 200.0, 200.0, 200.0, 200.0, 200.0, 200.0, 200.0, 200.0, 200.0, 200.0, 200.0, 200.0, 200.0, 200.0, 200.0, 200.0, 122.0, 200.0, 200.0, 200.0, 200.0, 200.0, 200.0, 200.0, 200.0, 200.0]}